MSOW_ID,Practitioner_Office_ID,Designation
88116,11,Primary
87897,15,Primary
90868,19,Primary
82381,24,Primary
91361,28,Primary
92332,35,Primary
87964,37,Primary
83412,43,Primary
84667,49,Primary
81671,56,Primary
91349,69,Primary
91701,80,Primary
92616,94,Primary
81945,103,Primary
84686,109,Primary
88295,121,Primary
82621,133,Primary
88287,146,Primary
82420,150,Primary
92322,152,Primary
82379,161,Primary
87103,164,Primary
91136,179,Primary
92535,190,Primary
91399,194,Primary
88057,212,Primary
90970,220,Primary
87901,226,Primary
89006,238,Primary
81920,240,Primary
92405,244,Primary
91818,246,Primary
88239,248,Primary
91884,250,Primary
91407,252,Primary
81999,255,Primary
91393,260,Primary
88152,268,Primary
88140,270,Primary
87984,276,Primary
88077,284,Primary
84680,286,Primary
88136,310,Primary
82687,316,Primary
82835,329,Primary
88969,331,Primary
81947,333,Primary
81690,346,Primary
84056,348,Primary
82689,357,Primary
90820,360,Primary
88313,362,Primary
368,368,Primary
81977,373,Primary
91951,378,Primary
90960,381,Primary
87830,387,Primary
84597,390,Primary
391,391,Primary
82608,395,Primary
91977,399,Primary
87905,401,Primary
81971,403,Primary
87868,405,Primary
83391,407,Primary
91947,413,Primary
89892,414,Primary
81922,437,Primary
87704,439,Primary
88427,443,Primary
91863,445,Primary
81874,449,Primary
90913,459,Primary
91814,461,Primary
82414,473,Primary
90956,489,Primary
90968,491,Primary
85107,507,Primary
88125,511,Primary
81924,519,Primary
91906,530,Primary
91012,548,Primary
88299,559,Primary
81876,567,Primary
91079,569,Primary
87886,571,Primary
81928,581,Primary
88788,583,Primary
82691,589,Primary
82536,591,Primary
90984,593,Primary
81930,597,Primary
87820,602,Primary
87934,604,Primary
81932,606,Primary
91203,608,Primary
91415,610,Primary
92062,623,Primary
88132,626,Primary
87338,628,Primary
88765,630,Primary
86952,634,Primary
91454,638,Primary
81934,644,Primary
87852,648,Primary
81936,657,Primary
81938,658,Primary
87909,671,Primary
91929,677,Primary
90882,686,Primary
92479,689,Primary
81975,704,Primary
91861,709,Primary
90954,710,Primary
81940,721,Primary
81949,727,Primary
88315,738,Primary
90972,740,Primary
84028,742,Primary
91762,745,Primary
91845,747,Primary
91403,750,Primary
91148,752,Primary
88796,754,Primary
92184,760,Primary
90892,763,Primary
91466,767,Primary
762,769,Primary
87893,771,Primary
92330,778,Primary
83142,782,Primary
82275,784,Primary
89015,786,Primary
84024,793,Primary
82277,800,Primary
84198,802,Primary
90964,804,Primary
91099,821,Primary
91411,823,Primary
88502,825,Primary
90950,827,Primary
90938,831,Primary
91837,833,Primary
90952,838,Primary
82803,840,Primary
91201,844,Primary
89017,846,Primary
87846,852,Primary
86703,856,Primary
87854,858,Primary
91015,860,Primary
90798,864,Primary
85079,866,Primary
92514,868,Primary
92310,877,Primary
92413,879,Primary
80335,882,Primary
90924,884,Primary
88325,886,Primary
81953,891,Primary
92390,894,Primary
5290,898,Primary
87836,900,Primary
92366,916,Primary
88331,922,Primary
92046,929,Primary
92467,930,Primary
87822,932,Primary
91900,938,Primary
90151,941,Primary
82564,942,Primary
87848,944,Primary
88841,947,Primary
91941,952,Primary
88297,956,Primary
948,958,Primary
81914,960,Primary
954,964,Primary
89032,965,Primary
91894,967,Primary
91971,968,Primary
87880,975,Primary
90815,977,Primary
81955,983,Primary
91083,986,Primary
88307,996,Primary
87996,998,Primary
989,1000,Primary
82387,1002,Primary
87812,1004,Primary
89030,1006,Primary
91835,1008,Primary
91822,1010,Primary
92290,1014,Primary
92415,1016,Primary
91197,1018,Primary
82693,1020,Primary
92583,1024,Primary
92461,1026,Primary
1021,1032,Primary
87632,1034,Primary
91425,1038,Primary
91908,1044,Primary
92351,1048,Primary
84640,1050,Primary
92326,1052,Primary
91377,1054,Primary
87844,1058,Primary
92386,1060,Primary
87903,1069,Primary
90153,1071,Primary
86797,1075,Primary
88291,1077,Primary
83410,1083,Primary
88860,1089,Primary
84688,1096,Primary
92538,1098,Primary
91597,1101,Primary
92632,1103,Primary
91215,1110,Primary
88864,1114,Primary
91345,1116,Primary
87971,1118,Primary
81957,1122,Primary
91892,1124,Primary
91959,1130,Primary
90864,1132,Primary
91132,1134,Primary
91440,1136,Primary
82385,1138,Primary
90866,1142,Primary
88309,1144,Primary
91923,1148,Primary
88111,1150,Primary
91165,1156,Primary
87978,1160,Primary
92411,1168,Primary
91125,1170,Primary
91167,1176,Primary
91831,1179,Primary
88433,1180,Primary
82768,1184,Primary
82566,1188,Primary
87951,1190,Primary
91107,1192,Primary
84500,1194,Primary
81959,1196,Primary
88002,1201,Primary
87882,1203,Primary
92374,1205,Primary
82718,1209,Primary
82720,1213,Primary
92017,1217,Primary
92364,1219,Primary
91896,1227,Primary
5288,1233,Primary
88323,1243,Primary
82789,1249,Primary
83172,1253,Primary
82373,1261,Primary
88868,1267,Primary
87911,1272,Primary
87342,1276,Primary
90886,1278,Primary
87976,1280,Primary
91047,1282,Primary
88118,1286,Primary
83118,1288,Primary
82375,1290,Primary
92372,1296,Primary
91545,1300,Primary
82377,1303,Primary
91829,1304,Primary
88405,1308,Primary
82711,1330,Primary
87907,1338,Primary
83985,1344,Primary
88321,1346,Primary
92172,1348,Primary
1348,1360,Primary
88081,1366,Primary
82281,1368,Primary
91464,1384,Primary
82705,1390,Primary
88174,1404,Primary
83121,1406,Primary
85738,1410,Primary
87915,1416,Primary
92399,1422,Primary
84085,1426,Primary
82707,1429,Primary
85109,1433,Primary
92540,1437,Primary
91888,1445,Primary
87617,1451,Primary
87826,1459,Primary
89978,1461,Primary
87838,1467,Primary
1457,1470,Primary
82328,1474,Primary
88215,1482,Primary
87572,1484,Primary
92324,1488,Primary
1477,1490,Primary
88148,1492,Primary
82583,1500,Primary
91827,1505,Primary
83422,1507,Primary
88150,1511,Primary
88738,1513,Primary
92044,1520,Primary
91904,1526,Primary
87080,1532,Primary
87942,1534,Primary
82568,1536,Primary
91770,1558,Primary
91067,1562,Primary
90934,1564,Primary
83094,1569,Primary
87870,1575,Primary
91027,1579,Primary
87861,1583,Primary
91427,1589,Primary
88185,1600,Primary
90876,1605,Primary
90962,1607,Primary
82139,1613,Primary
84826,1615,Primary
91790,1623,Primary
91847,1625,Primary
81973,1629,Primary
88933,1634,Primary
88409,1635,Primary
91180,1639,Primary
90095,1641,Primary
85225,1653,Primary
82739,1654,Primary
92013,1656,Primary
82732,1662,Primary
87026,1664,Primary
82827,1668,Primary
92432,1670,Primary
82289,1672,Primary
92427,1674,Primary
84032,1680,Primary
82730,1682,Primary
92396,1690,Primary
1683,1696,Primary
88643,1698,Primary
91373,1700,Primary
90818,1710,Primary
90899,1734,Primary
92505,1746,Primary
91535,1748,Primary
87959,1750,Primary
82424,1756,Primary
92567,1770,Primary
92188,1778,Primary
84417,1781,Primary
88723,1797,Primary
81961,1799,Primary
92589,1804,Primary
92653,1814,Primary
1820,1833,Primary
92178,1839,Primary
82570,1841,Primary
1832,1845,Primary
91158,1870,Primary
83028,1874,Primary
87878,1876,Primary
87098,1897,Primary
87715,1913,Primary
91042,1925,Primary
92463,1944,Primary
84599,1947,Primary
91092,1949,Primary
91130,1958,Primary
91409,1965,Primary
89008,1967,Primary
88079,1971,Primary
90856,1973,Primary
87708,1975,Primary
81684,2009,Primary
88113,2015,Primary
88429,2020,Primary
91987,2026,Primary
91794,2036,Primary
87884,2042,Primary
91113,2054,Primary
2046,2060,Primary
91533,2077,Primary
92376,2087,Primary
81439,2089,Primary
91955,2099,Primary
81738,2101,Primary
90905,2119,Primary
91927,2128,Primary
82279,2130,Primary
87828,2137,Primary
91587,2141,Primary
88825,2143,Primary
88382,2145,Primary
82371,2155,Primary
88009,2163,Primary
91556,2172,Primary
91217,2174,Primary
92491,2189,Primary
91620,2191,Primary
92392,2195,Primary
91961,2209,Primary
82532,2217,Primary
91572,2221,Primary
92603,2223,Primary
92550,2241,Primary
92215,2252,Primary
92150,2261,Primary
84100,2267,Primary
92403,2272,Primary
91182,2277,Primary
90942,2283,Primary
91058,2285,Primary
87955,2287,Primary
91772,2289,Primary
87940,2291,Primary
91554,2293,Primary
91973,2303,Primary
88128,2305,Primary
92370,2307,Primary
88167,2313,Primary
91886,2319,Primary
88774,2323,Primary
87678,2325,Primary
92569,2331,Primary
88189,2333,Primary
92561,2335,Primary
85136,2339,Primary
92585,2341,Primary
87611,2343,Primary
87598,2345,Primary
88211,2347,Primary
82217,2361,Primary
90966,2378,Primary
5393,2404,Primary
88301,2406,Primary
91776,2412,Primary
91570,2418,Primary
85286,2423,Primary
82269,2425,Primary
82833,2438,Primary
83290,2443,Primary
91448,2466,Primary
89004,2468,Primary
92579,2477,Primary
91806,2481,Primary
85081,2485,Primary
92306,2499,Primary
2490,2507,Primary
81987,2511,Primary
83001,2513,Primary
91023,2519,Primary
91975,2521,Primary
91581,2527,Primary
86803,2531,Primary
88897,2547,Primary
92443,2551,Primary
90896,2557,Primary
91452,2561,Primary
91008,2571,Primary
92425,2581,Primary
83281,2583,Primary
92388,2586,Primary
81963,2593,Primary
88289,2596,Primary
88622,2598,Primary
83092,2600,Primary
87899,2608,Primary
87895,2618,Primary
92058,2620,Primary
88303,2624,Primary
92473,2630,Primary
91921,2632,Primary
83174,2636,Primary
92422,2640,Primary
92522,2650,Primary
83428,2667,Primary
91825,2669,Primary
92022,2673,Primary
92597,2678,Primary
91163,2680,Primary
82410,2691,Primary
84901,2700,Primary
87992,2712,Primary
88914,2716,Primary
82697,2718,Primary
91993,2720,Primary
88831,2722,Primary
88910,2724,Primary
87974,2726,Primary
92158,2744,Primary
92180,2746,Primary
92497,2749,Primary
83393,2751,Primary
92068,2755,Primary
87191,2757,Primary
90915,2761,Primary
91585,2771,Primary
84984,2773,Primary
92200,2775,Primary
81965,2777,Primary
82701,2782,Primary
87004,2784,Primary
87859,2788,Primary
87824,2794,Primary
88780,2796,Primary
89143,2800,Primary
91397,2802,Primary
84665,2808,Primary
82572,2811,Primary
81662,2814,Primary
92485,2818,Primary
86709,2822,Primary
90870,2889,Primary
90940,2954,Primary
85020,2977,Primary
91347,2999,Primary
91089,3069,Primary
82249,3073,Primary
91184,3119,Primary
91207,3125,Primary
83385,3157,Primary
91353,3168,Primary
91369,3178,Primary
82358,3186,Primary
91429,3232,Primary
3218,3236,Primary
5391,3249,Primary
87936,3285,Primary
82285,3327,Primary
83269,3440,Primary
88213,3452,Primary
87998,3471,Primary
91933,3479,Primary
83442,3521,Primary
92247,3603,Primary
88109,3637,Primary
84321,3686,Primary
88130,3697,Primary
92441,3737,Primary
88154,3755,Primary
87029,3767,Primary
82360,3776,Primary
83258,3845,Primary
83124,3854,Primary
87834,3924,Primary
81967,3945,Primary
88047,3950,Primary
92052,3954,Primary
90909,3960,Primary
88105,3966,Primary
91458,3968,Primary
90771,3970,Primary
91019,3983,Primary
81989,3994,Primary
88090,3997,Primary
92401,3999,Primary
92507,4013,Primary
91919,4017,Primary
90862,4019,Primary
91021,4025,Primary
85808,4035,Primary
88007,4041,Primary
88098,4045,Primary
91423,4051,Primary
84375,4059,Primary
92397,4065,Primary
84678,4074,Primary
92202,4076,Primary
91103,4078,Primary
92314,4080,Primary
90787,4084,Primary
91232,4086,Primary
91160,4092,Primary
88305,4098,Primary
91413,4108,Primary
90978,4118,Primary
88277,4126,Primary
82010,4128,Primary
92346,4134,Primary
82748,4142,Primary
88504,4144,Primary
87957,4148,Primary
92471,4154,Primary
92475,4156,Primary
88205,4162,Primary
82265,4168,Primary
88411,4176,Primary
90922,4184,Primary
91882,4188,Primary
91421,4196,Primary
87923,4202,Primary
87990,4208,Primary
91800,4220,Primary
91117,4222,Primary
88912,4226,Primary
92384,4230,Primary
83253,4232,Primary
91060,4239,Primary
91967,4245,Primary
92544,4279,Primary
88742,4281,Primary
88107,4285,Primary
87953,4289,Primary
91140,4295,Primary
90858,4297,Primary
91983,4299,Primary
88178,4305,Primary
91054,4313,Primary
83086,4331,Primary
91925,4337,Primary
91462,4339,Primary
81969,4347,Primary
91601,4349,Primary
91792,4353,Primary
82418,4355,Primary
84391,4357,Primary
92457,4366,Primary
88827,4368,Primary
84281,4375,Primary
82574,4386,Primary
92495,4397,Primary
82956,4399,Primary
91609,4405,Primary
91438,4411,Primary
91010,4419,Primary
91931,4421,Primary
87676,4428,Primary
91812,4436,Primary
91025,4456,Primary
91446,4460,Primary
88786,4466,Primary
92605,4468,Primary
92362,4473,Primary
4469,4489,Primary
88293,4502,Primary
91560,4504,Primary
91810,4512,Primary
90948,4515,Primary
88172,4517,Primary
87866,4519,Primary
92312,4523,Primary
91853,4527,Primary
92174,4534,Primary
92380,4536,Primary
88103,4538,Primary
87600,4540,Primary
91591,4544,Primary
91833,4546,Primary
82542,4548,Primary
87043,4550,Primary
88392,4555,Primary
89936,4557,Primary
82784,4561,Primary
84819,4566,Primary
91768,4573,Primary
82741,4575,Primary
92430,4583,Primary
85541,4591,Primary
4573,4593,Primary
91689,4595,Primary
88146,4599,Primary
86476,4602,Primary
91774,4603,Primary
91605,4605,Primary
87929,4609,Primary
91541,4613,Primary
91603,4619,Primary
91989,4620,Primary
88641,4622,Primary
91855,4626,Primary
91351,4630,Primary
92451,4632,Primary
87874,4638,Primary
91745,4640,Primary
87872,4646,Primary
90836,4654,Primary
92249,4666,Primary
4650,4670,Primary
4652,4672,Primary
92516,4676,Primary
84682,4679,Primary
91782,4681,Primary
91624,4683,Primary
92186,4685,Primary
92192,4687,Primary
91562,4689,Primary
90847,4693,Primary
83102,4698,Primary
87913,4704,Primary
91343,4708,Primary
91902,4714,Primary
92620,4718,Primary
91808,4720,Primary
87919,4725,Primary
91981,4729,Primary
92024,4737,Primary
91697,4739,Primary
92409,4745,Primary
90890,4747,Primary
87818,4755,Primary
92182,4757,Primary
89036,4759,Primary
83104,4765,Primary
90946,4767,Primary
89041,4769,Primary
82400,4773,Primary
86422,4775,Primary
87982,4777,Primary
88719,4779,Primary
4765,4785,Primary
88144,4791,Primary
4775,4795,Primary
87245,4799,Primary
82780,4801,Primary
91395,4805,Primary
91804,4809,Primary
87980,4811,Primary
92048,4813,Primary
88401,4815,Primary
82251,4817,Primary
91867,4829,Primary
92328,4831,Primary
92190,4843,Primary
92512,4846,Primary
91357,4850,Primary
90976,4854,Primary
82255,4858,Primary
92608,4862,Primary
91849,4866,Primary
91417,4868,Primary
4850,4870,Primary
91820,4876,Primary
91593,4878,Primary
91841,4882,Primary
88000,4892,Primary
91607,4894,Primary
92204,4901,Primary
4883,4903,Primary
92206,4909,Primary
91618,4913,Primary
92647,4921,Primary
88782,4925,Primary
91579,4927,Primary
90936,4933,Primary
88704,4939,Primary
91552,4941,Primary
90851,4945,Primary
92447,4949,Primary
4933,4953,Primary
92334,4959,Primary
92356,4963,Primary
91138,4967,Primary
88180,4971,Primary
91798,4975,Primary
91341,4977,Primary
91205,4979,Primary
91564,4981,Primary
91699,4983,Primary
87753,4987,Primary
92282,4989,Primary
92294,4993,Primary
82404,4997,Primary
92518,5001,Primary
92487,5005,Primary
82263,5007,Primary
83328,5009,Primary
82577,5011,Primary
91178,5013,Primary
87726,5015,Primary
91953,5017,Primary
92622,5021,Primary
92509,5023,Primary
91969,5027,Primary
88161,5029,Primary
80654,5035,Primary
91839,5040,Primary
84419,5042,Primary
83331,5045,Primary
83090,5048,Primary
87921,5052,Primary
91890,5058,Primary
86269,5062,Primary
91359,5067,Primary
91611,5075,Primary
92308,5081,Primary
91616,5089,Primary
91405,5091,Primary
87199,5097,Primary
85123,5099,Primary
87260,5106,Primary
87567,5107,Primary
82296,5113,Primary
92489,5119,Primary
83018,5121,Primary
91703,5123,Primary
87850,5125,Primary
88596,5137,Primary
90854,5139,Primary
90878,5141,Primary
92546,5144,Primary
87596,5145,Primary
88163,5147,Primary
91134,5153,Primary
90205,5157,Primary
83343,5161,Primary
5142,5163,Primary
81995,5167,Primary
91419,5169,Primary
87842,5173,Primary
89002,5175,Primary
91876,5177,Primary
5160,5181,Primary
91574,5183,Primary
83341,5185,Primary
92524,5187,Primary
5169,5190,Primary
88134,5193,Primary
88976,5195,Primary
83430,5197,Primary
91211,5199,Primary
92477,5201,Primary
92417,5207,Primary
83339,5211,Primary
91851,5214,Primary
5195,5216,Primary
91622,5218,Primary
92164,5220,Primary
92591,5222,Primary
91209,5224,Primary
91917,5226,Primary
87840,5228,Primary
92483,5230,Primary
91915,5234,Primary
91857,5236,Primary
82431,5238,Primary
91389,5241,Primary
88275,5245,Primary
82247,5249,Primary
92453,5251,Primary
92280,5253,Primary
88311,5257,Primary
88329,5259,Primary
92278,5263,Primary
91764,5265,Primary
88259,5271,Primary
86723,5272,Primary
86974,5274,Primary
92542,5275,Primary
92499,5277,Primary
5261,5283,Primary
92618,5287,Primary
91391,5288,Primary
92198,5289,Primary
92070,5290,Primary
91460,5293,Primary
83472,5297,Primary
87927,5300,Primary
87832,5304,Primary
83474,5305,Primary
83126,5306,Primary
5283,5308,Primary
92340,5309,Primary
86665,5311,Primary
5292,5312,Primary
5296,5313,Primary
86705,5314,Primary
92634,5315,Primary
86761,5316,Primary
5294,5317,Primary
86837,5319,Primary
86965,5320,Primary
91436,5323,Primary
91456,5324,Primary
91537,5327,Primary
91583,5329,Primary
91957,5330,Primary
92036,5331,Primary
86995,5332,Primary
87011,5333,Primary
92382,5334,Primary
92445,5335,Primary
87085,5336,Primary
87092,5337,Primary
92612,5338,Primary
91087,5341,Primary
86725,5350,Primary
88270,5356,Primary
90920,5361,Primary
81561,5364,Primary
83462,5371,Primary
92288,5378,Primary
87925,5379,Primary
82699,5385,Primary
83468,5389,Primary
83470,5396,Primary
92520,5400,Primary
88892,5402,Primary
88013,5404,Primary
92336,5426,Primary
88283,5433,Primary
87009,5439,Primary
91595,5444,Primary
86776,5448,Primary
81997,5449,Primary
88207,5452,Primary
91234,5454,Primary
88209,5455,Primary
92176,5456,Primary
82102,5457,Primary
83440,5462,Primary
90986,5470,Primary
87917,5474,Primary
88263,5481,Primary
91558,5483,Primary
86732,5490,Primary
86809,5492,Primary
83742,5493,Primary
87037,5497,Primary
87966,5498,Primary
81302,5504,Primary
81570,5512,Primary
91898,5514,Primary
91222,50010,Primary
50041,50018,Primary
85614,50022,Primary
85612,50023,Primary
87712,50027,Primary
89886,50030,Primary
86633,50036,Primary
89848,50037,Primary
87358,50040,Primary
88015,50053,Primary
89450,50127,Primary
90300,50129,Primary
86636,50137,Primary
90908,50146,Primary
89731,50147,Primary
90810,50149,Primary
90037,50160,Primary
88681,50178,Primary
89152,50189,Primary
90499,50190,Primary
86619,50207,Primary
84977,50218,Primary
87300,50221,Primary
90901,50251,Primary
85615,50256,Primary
86857,50294,Primary
86646,50296,Primary
87430,50311,Primary
89680,50312,Primary
89631,50324,Primary
84384,50341,Primary
85425,50350,Primary
87321,50352,Primary
89943,50355,Primary
87412,50361,Primary
91038,50363,Primary
86127,50367,Primary
50859,50370,Primary
91105,50375,Primary
93045,50391,Primary
89370,50399,Primary
87607,50413,Primary
88390,50447,Primary
87745,50450,Primary
89231,50457,Primary
51074,50459,Primary
90486,50466,Primary
85914,50470,Primary
88571,50474,Primary
87419,50476,Primary
51113,50477,Primary
90522,50481,Primary
90191,50483,Primary
89455,50485,Primary
85024,50488,Primary
93041,50503,Primary
86364,50506,Primary
89134,50521,Primary
86532,50525,Primary
90283,50528,Primary
89407,50529,Primary
89093,50548,Primary
87459,50574,Primary
85507,50586,Primary
51371,50587,Primary
87751,50591,Primary
89845,50598,Primary
90024,50603,Primary
90803,50607,Primary
87196,50608,Primary
84992,50610,Primary
88350,50621,Primary
86786,50644,Primary
89636,50646,Primary
89213,50652,Primary
90628,50658,Primary
89373,50661,Primary
90287,50670,Primary
89868,50680,Primary
88477,50688,Primary
88496,50692,Primary
89833,50695,Primary
90462,50713,Primary
89816,50714,Primary
88600,50722,Primary
84832,50742,Primary
87207,50747,Primary
85804,50750,Primary
87508,50763,Primary
86095,50769,Primary
90314,50791,Primary
51852,50797,Primary
51856,50798,Primary
86868,50808,Primary
86765,50813,Primary
92979,50816,Primary
90371,50819,Primary
87242,50823,Primary
85365,50835,Primary
90267,50836,Primary
51956,50844,Primary
51959,50845,Primary
89511,50863,Primary
89852,50864,Primary
92744,50865,Primary
52050,50887,Primary
90498,50892,Primary
91044,50894,Primary
52068,50896,Primary
92918,50901,Primary
90480,50903,Primary
90555,50907,Primary
85444,50910,Primary
86596,50919,Primary
89167,50930,Primary
89446,50932,Primary
92624,50933,Primary
86553,50960,Primary
88615,50963,Primary
88617,50964,Primary
52250,50970,Primary
87434,50980,Primary
87239,50984,Primary
89973,50992,Primary
90228,50997,Primary
52322,51000,Primary
84927,51004,Primary
90273,51014,Primary
90624,51028,Primary
91119,51030,Primary
88397,51032,Primary
92928,51048,Primary
84967,51053,Primary
86928,51055,Primary
85949,51059,Primary
90008,51067,Primary
52506,51077,Primary
85395,51084,Primary
89108,51085,Primary
91382,51120,Primary
85058,51123,Primary
88888,51128,Primary
91304,51135,Primary
85042,51144,Primary
89619,51153,Primary
89050,51166,Primary
85662,51186,Primary
89440,51188,Primary
90208,51190,Primary
87160,51206,Primary
87605,51216,Primary
89768,51243,Primary
92747,51253,Primary
90218,51271,Primary
90606,51280,Primary
89487,51295,Primary
84802,51301,Primary
86239,51302,Primary
88729,51323,Primary
53085,51324,Primary
89665,51325,Primary
91258,51336,Primary
86100,51338,Primary
86738,51340,Primary
90664,51342,Primary
88348,51345,Primary
90262,51348,Primary
87324,51360,Primary
86115,51369,Primary
88437,51379,Primary
86527,51382,Primary
91250,51386,Primary
88931,51389,Primary
88352,51400,Primary
88978,51405,Primary
89399,51441,Primary
89172,51443,Primary
87271,51449,Primary
86882,51453,Primary
86906,51460,Primary
89038,51468,Primary
87408,51473,Primary
90524,51474,Primary
85373,51517,Primary
89083,51522,Primary
93066,51523,Primary
85227,51525,Primary
91247,51537,Primary
85197,51541,Primary
90590,51544,Primary
86510,51549,Primary
88925,51553,Primary
85532,51564,Primary
90275,51574,Primary
88802,51575,Primary
85643,51587,Primary
90444,51590,Primary
84834,51598,Primary
88706,51604,Primary
90592,51626,Primary
89380,51627,Primary
53856,51655,Primary
89725,51681,Primary
85785,51689,Primary
53937,51691,Primary
89169,51700,Primary
91492,51715,Primary
88042,51727,Primary
86676,51733,Primary
89633,51737,Primary
90189,51738,Primary
84880,51741,Primary
89025,51754,Primary
89034,51771,Primary
90622,51773,Primary
90002,51780,Primary
90538,51802,Primary
92298,51805,Primary
89077,51811,Primary
86198,51824,Primary
89505,51825,Primary
89436,51844,Primary
85434,51846,Primary
85458,51876,Primary
84929,51882,Primary
90271,51885,Primary
92893,51891,Primary
89110,51899,Primary
54387,51900,Primary
89210,51901,Primary
88523,51904,Primary
87736,51915,Primary
90334,51922,Primary
85178,51924,Primary
54496,51944,Primary
89650,51955,Primary
87680,51960,Primary
54534,51961,Primary
93001,51981,Primary
91049,52020,Primary
87287,52033,Primary
87285,52034,Primary
89438,52040,Primary
87400,52041,Primary
89652,52052,Primary
54763,52055,Primary
87162,52057,Primary
90413,52068,Primary
87216,52077,Primary
87214,52078,Primary
86222,52089,Primary
85062,52093,Primary
85598,52106,Primary
84882,52118,Primary
85900,52131,Primary
85222,52135,Primary
85509,52141,Primary
92935,52158,Primary
89184,52161,Primary
88593,52163,Primary
88772,52171,Primary
90089,52174,Primary
85877,52187,Primary
85874,52188,Primary
88486,52198,Primary
88546,52202,Primary
88548,52203,Primary
86405,52207,Primary
86042,52212,Primary
55131,52214,Primary
85036,52219,Primary
90110,52227,Primary
86811,52232,Primary
91292,52234,Primary
90210,52249,Primary
91298,52269,Primary
90304,52280,Primary
87423,52304,Primary
89741,52317,Primary
90437,52323,Primary
90421,52341,Primary
89226,52345,Primary
91260,52367,Primary
90159,52369,Primary
89073,52373,Primary
89074,52374,Primary
84797,52375,Primary
88870,52379,Primary
87118,52380,Primary
88415,52385,Primary
88413,52386,Primary
88829,52389,Primary
90602,52392,Primary
85448,52395,Primary
89517,52399,Primary
90035,52405,Primary
86844,52406,Primary
91476,52409,Primary
89119,52418,Primary
87686,52424,Primary
89593,52428,Primary
86631,52442,Primary
87414,52450,Primary
88588,52458,Primary
89855,52476,Primary
90222,52494,Primary
89591,52497,Primary
87591,52513,Primary
55873,52523,Primary
88942,52537,Primary
87268,52541,Primary
87266,52542,Primary
89249,52545,Primary
87684,52560,Primary
86430,52563,Primary
89995,52568,Primary
55981,52570,Primary
85627,52571,Primary
55983,52572,Primary
56008,52584,Primary
91242,52594,Primary
86535,52597,Primary
89252,52602,Primary
85409,52612,Primary
92897,52621,Primary
90548,52626,Primary
93039,52629,Primary
91757,52641,Primary
89564,52647,Primary
90026,52654,Primary
88901,52664,Primary
90306,52667,Primary
89863,52668,Primary
88667,52675,Primary
89850,52688,Primary
85535,52690,Primary
84963,52708,Primary
89639,52712,Primary
91753,52714,Primary
90484,52723,Primary
56328,52724,Primary
86056,52731,Primary
85869,52753,Primary
86077,52775,Primary
90634,52776,Primary
84944,52782,Primary
86425,52785,Primary
89489,52795,Primary
88790,52800,Primary
90402,52808,Primary
86875,52818,Primary
85479,52825,Primary
85481,52826,Primary
90724,52838,Primary
91236,52846,Primary
89710,52848,Primary
84986,52852,Primary
89132,52862,Primary
88515,52867,Primary
85446,52869,Primary
86861,52874,Primary
89096,52880,Primary
56655,52881,Primary
88610,52885,Primary
85377,52899,Primary
56696,52900,Primary
90759,52909,Primary
89722,52915,Primary
92723,52917,Primary
84866,52921,Primary
88920,52933,Primary
93043,52939,Primary
90078,52950,Primary
56815,52954,Primary
88037,52960,Primary
90903,52963,Primary
86322,52971,Primary
85930,52982,Primary
91482,52993,Primary
85485,53010,Primary
91271,53015,Primary
85671,53016,Primary
56958,53017,Primary
56990,53028,Primary
87804,53029,Primary
90841,53048,Primary
89739,53052,Primary
85151,53062,Primary
86752,53076,Primary
90541,53088,Primary
90061,53097,Primary
90647,53098,Primary
85687,53106,Primary
85631,53110,Primary
90121,53125,Primary
85705,53140,Primary
90171,53144,Primary
90736,53159,Primary
86937,53163,Primary
90072,53165,Primary
86746,53166,Primary
88419,53174,Primary
85290,53178,Primary
88517,53179,Primary
90501,53196,Primary
91253,53203,Primary
85217,53206,Primary
57417,53222,Primary
88854,53233,Primary
88856,53235,Primary
89001,53247,Primary
57504,53263,Primary
57510,53267,Primary
85751,53272,Primary
57541,53282,Primary
86640,53288,Primary
57600,53309,Primary
85026,53311,Primary
85645,53318,Primary
89160,53320,Primary
87404,53323,Primary
90604,53326,Primary
85044,53327,Primary
87462,53337,Primary
89434,53346,Primary
84979,53351,Primary
92304,53360,Primary
88906,53362,Primary
86073,53371,Primary
91871,53386,Primary
90332,53409,Primary
90028,53412,Primary
85907,53413,Primary
85910,53414,Primary
85932,53423,Primary
85405,53424,Primary
85407,53425,Primary
88492,53427,Primary
90058,53436,Primary
87553,53439,Primary
87133,53442,Primary
89481,53455,Primary
93068,53478,Primary
90565,53480,Primary
89376,53481,Primary
58019,53497,Primary
90212,53516,Primary
90155,53519,Primary
91096,53521,Primary
87773,53528,Primary
89626,53531,Primary
58162,53552,Primary
89457,53554,Primary
90393,53558,Primary
89690,53581,Primary
88377,53583,Primary
89071,53599,Primary
90673,53604,Primary
86060,53618,Primary
84949,53619,Primary
84947,53620,Primary
85884,53629,Primary
90398,53645,Primary
85003,53652,Primary
89586,53663,Primary
93062,53664,Primary
86210,53671,Primary
91256,53676,Primary
88923,53685,Primary
58493,53688,Primary
85164,53701,Primary
90456,53704,Primary
86226,53708,Primary
85860,53712,Primary
91480,53715,Primary
86886,53716,Primary
85146,53732,Primary
86153,53736,Primary
85754,53741,Primary
93018,53745,Primary
85351,53749,Primary
85354,53752,Primary
84990,53762,Primary
91784,53767,Primary
89700,53775,Primary
90536,53780,Primary
58741,53796,Primary
88608,53802,Primary
89986,53824,Primary
86278,53847,Primary
87551,53860,Primary
84952,53870,Primary
85895,53884,Primary
90683,53887,Primary
90373,53890,Primary
58949,53891,Primary
90325,53908,Primary
59006,53914,Primary
84937,53917,Primary
86067,53929,Primary
88814,53942,Primary
89367,53953,Primary
89422,53961,Primary
85664,53963,Primary
85382,53979,Primary
89705,53980,Primary
59179,53984,Primary
59188,53987,Primary
91314,53991,Primary
85038,53994,Primary
59203,53995,Primary
86590,53996,Primary
59234,54007,Primary
87311,54019,Primary
86151,54026,Primary
85992,54027,Primary
85182,54035,Primary
89102,54042,Primary
84972,54047,Primary
90620,54065,Primary
88565,54067,Primary
85942,54075,Primary
89881,54092,Primary
90087,54108,Primary
89164,54112,Primary
89838,54118,Primary
91522,54122,Primary
59506,54124,Primary
90358,54132,Primary
89572,54139,Primary
91489,54140,Primary
88628,54144,Primary
88784,54160,Primary
86117,54166,Primary
89684,54177,Primary
91319,54183,Primary
88998,54192,Primary
88996,54193,Primary
90911,54196,Primary
87111,54220,Primary
59728,54223,Primary
86961,54226,Primary
84273,54236,Primary
89207,54241,Primary
88449,54242,Primary
59788,54252,Primary
89576,54258,Primary
59817,54265,Primary
90149,54268,Primary
88361,54281,Primary
88482,54300,Primary
59914,54304,Primary
85879,54336,Primary
59991,54337,Primary
86338,54339,Primary
86113,54343,Primary
89360,54346,Primary
87421,54348,Primary
60015,54349,Primary
90193,54352,Primary
90368,54357,Primary
60040,54360,Primary
85629,54362,Primary
89416,54363,Primary
60055,54365,Primary
86253,54398,Primary
86841,54402,Primary
84828,54409,Primary
85656,54420,Primary
85511,54439,Primary
89385,54445,Primary
87484,54452,Primary
86855,54469,Primary
85397,54484,Primary
60324,54485,Primary
90764,54487,Primary
89475,54490,Primary
86893,54497,Primary
85953,54501,Primary
60369,54506,Primary
89180,54508,Primary
87549,54512,Primary
60390,54515,Primary
85944,54523,Primary
88371,54527,Primary
89941,54535,Primary
87570,54562,Primary
89121,54564,Primary
91267,54575,Primary
90618,54578,Primary
89402,54583,Primary
85180,54586,Primary
90700,54620,Primary
90761,54625,Primary
85436,54633,Primary
90108,54647,Primary
87764,54660,Primary
87691,54665,Primary
87557,54667,Primary
60770,54677,Primary
87238,54682,Primary
87417,54685,Primary
89667,54687,Primary
86409,54689,Primary
88447,54695,Primary
89491,54698,Primary
89100,54718,Primary
85019,54723,Primary
85017,54724,Primary
86871,54728,Primary
87530,54733,Primary
89223,54742,Primary
89056,54749,Primary
86249,54751,Primary
93029,54753,Primary
85201,54754,Primary
84824,54763,Primary
86427,54765,Primary
61010,54780,Primary
86416,54785,Primary
90338,54790,Primary
87344,54794,Primary
86181,54799,Primary
86183,54800,Primary
87109,54802,Primary
86251,54806,Primary
61067,54807,Primary
89067,54818,Primary
91154,54822,Primary
85823,54828,Primary
86342,54830,Primary
89671,54833,Primary
85475,54850,Primary
89727,54855,Primary
85570,54859,Primary
91321,54861,Primary
85053,54865,Primary
90448,54866,Primary
90328,54868,Primary
88373,54869,Primary
87816,54872,Primary
89175,54881,Primary
88045,54889,Primary
61289,54898,Primary
90505,54906,Primary
89343,54908,Primary
90732,54915,Primary
89237,54925,Primary
86013,54930,Primary
82734,54939,Primary
90380,54956,Primary
87805,54971,Primary
87615,54972,Primary
93064,54983,Primary
89707,54990,Primary
89997,55005,Primary
85187,55020,Primary
86461,55021,Primary
61576,55024,Primary
90091,55038,Primary
90562,55040,Primary
87776,55042,Primary
93026,55046,Primary
90766,55047,Primary
84909,55054,Primary
90516,55080,Primary
89190,55095,Primary
87167,55103,Primary
61790,55113,Primary
86931,55118,Primary
86933,55120,Primary
90352,55129,Primary
88519,55133,Primary
85060,55135,Primary
87177,55138,Primary
85496,55143,Primary
85494,55144,Primary
91308,55146,Primary
86439,55150,Primary
85047,55152,Primary
61889,55153,Primary
84956,55159,Primary
90746,55167,Primary
91300,55186,Primary
61958,55189,Primary
87138,55191,Primary
85491,55198,Primary
85489,55199,Primary
90063,55209,Primary
89617,55236,Primary
91076,55241,Primary
85990,55256,Primary
84808,55261,Primary
90022,55264,Primary
85234,55265,Primary
62161,55274,Primary
90224,55281,Primary
86979,55299,Primary
90560,55304,Primary
91152,55312,Primary
90093,55319,Primary
90298,55321,Primary
87258,55323,Primary
90983,55329,Primary
85298,55335,Primary
62323,55338,Primary
87264,55340,Primary
85176,55342,Primary
88577,55346,Primary
85902,55360,Primary
92219,55373,Primary
86628,55377,Primary
87355,55381,Primary
84856,55394,Primary
84924,55395,Primary
89319,55403,Primary
89598,55410,Primary
89023,55416,Primary
89045,55417,Primary
90571,55420,Primary
62510,55421,Primary
91274,55424,Primary
86316,55427,Primary
84382,55431,Primary
90220,55432,Primary
90654,55435,Primary
86123,55436,Primary
86904,55438,Primary
86083,55445,Primary
84191,55451,Primary
90269,55454,Primary
90127,55458,Primary
85572,55473,Primary
89800,55486,Primary
85617,55493,Primary
90423,55494,Primary
90134,55499,Primary
91312,55514,Primary
87295,55521,Primary
90581,55528,Primary
90660,55538,Primary
92302,55541,Primary
90553,55555,Primary
62818,55561,Primary
62840,55570,Primary
89156,55575,Primary
89397,55600,Primary
90185,55609,Primary
86288,55644,Primary
85492,55645,Primary
89059,55660,Primary
85524,55665,Primary
90595,55668,Primary
89569,55671,Primary
89555,55678,Primary
90363,55693,Primary
90240,55694,Primary
87563,55697,Primary
89580,55699,Primary
87574,55703,Primary
89890,55706,Primary
90143,55707,Primary
88709,55716,Primary
88459,55717,Primary
90460,55720,Primary
85209,55724,Primary
86522,55743,Primary
85986,55751,Primary
63283,55759,Primary
86224,55762,Primary
85937,55795,Primary
89503,55796,Primary
89080,55805,Primary
93024,55808,Primary
88441,55823,Primary
92217,55830,Primary
84981,55842,Primary
88026,55846,Primary
86556,55851,Primary
86207,55858,Primary
89531,55869,Primary
90183,55880,Primary
85940,55883,Primary
84997,55891,Primary
90751,55893,Primary
89733,55895,Primary
88727,55897,Primary
88076,55898,Primary
88757,55904,Primary
87457,55918,Primary
88421,55936,Primary
88794,55953,Primary
85897,55956,Primary
86162,55960,Primary
86161,55961,Primary
63737,55964,Primary
90739,55968,Primary
88386,55972,Primary
86220,55989,Primary
90233,55998,Primary
89012,56000,Primary
91262,56007,Primary
63877,56023,Primary
90157,56024,Primary
84916,56031,Primary
89602,56032,Primary
87602,56038,Primary
84974,56041,Primary
84878,56044,Primary
88679,56053,Primary
86908,56055,Primary
86913,56056,Primary
85904,56062,Primary
90677,56070,Primary
86304,56085,Primary
85162,56086,Primary
90425,56092,Primary
86401,56098,Primary
85505,56116,Primary
64067,56117,Primary
90696,56120,Primary
86888,56121,Primary
85144,56129,Primary
89810,56135,Primary
89945,56136,Primary
87304,56151,Primary
87389,56159,Primary
85922,56164,Primary
86005,56172,Primary
86302,56173,Primary
91486,56180,Primary
64227,56188,Primary
90264,56202,Primary
90161,56223,Primary
89483,56235,Primary
85450,56254,Primary
64387,56255,Primary
64472,56292,Primary
88471,56298,Primary
88700,56299,Primary
86274,56301,Primary
87228,56312,Primary
87229,56314,Primary
84965,56315,Primary
89819,56318,Primary
90503,56330,Primary
85477,56336,Primary
87476,56362,Primary
86256,56388,Primary
88544,56397,Primary
90131,56437,Primary
86175,56440,Primary
87290,56446,Primary
86891,56458,Primary
85157,56461,Primary
86344,56467,Primary
86191,56470,Primary
87308,56480,Primary
85172,56481,Primary
85722,56490,Primary
85005,56498,Primary
85007,56499,Primary
90199,56511,Primary
85441,56529,Primary
86376,56565,Primary
86196,56574,Primary
86166,56581,Primary
86794,56587,Primary
92994,56593,Primary
87594,56595,Primary
65153,56600,Primary
90138,56601,Primary
84954,56610,Primary
65183,56612,Primary
85392,56614,Primary
87381,56622,Primary
85633,56625,Primary
87250,56626,Primary
86571,56633,Primary
84940,56634,Primary
87545,56638,Primary
87543,56639,Primary
88663,56647,Primary
86027,56672,Primary
90320,56675,Primary
91503,56692,Primary
89574,56696,Primary
90354,56697,Primary
86821,56702,Primary
93015,56706,Primary
88677,56711,Primary
88636,56717,Primary
88862,56740,Primary
86897,56742,Primary
90004,56746,Primary
89529,56747,Primary
89043,56761,Primary
65571,56776,Primary
89737,56793,Primary
89452,56799,Primary
89875,56808,Primary
90125,56816,Primary
92771,56818,Primary
91494,56836,Primary
85310,56850,Primary
90361,56860,Primary
86922,56866,Primary
89106,56883,Primary
85427,56885,Primary
88380,56889,Primary
89442,56892,Primary
85984,56895,Primary
87722,56912,Primary
89808,56917,Primary
90260,56924,Primary
86149,56930,Primary
89424,56940,Primary
91240,56960,Primary
88725,56964,Primary
88363,56965,Primary
85916,56976,Primary
66052,56977,Primary
89983,56980,Primary
66078,56989,Primary
89645,56994,Primary
86402,57005,Primary
88342,57009,Primary
89444,57013,Primary
88564,57017,Primary
88988,57020,Primary
85456,57026,Primary
66165,57027,Primary
89063,57031,Primary
89865,57033,Primary
85601,57038,Primary
89900,57043,Primary
89378,57046,Primary
87306,57050,Primary
90322,57070,Primary
90175,57072,Primary
90702,57076,Primary
90452,57078,Primary
89245,57080,Primary
66299,57082,Primary
86007,57089,Primary
90511,57090,Primary
89655,57091,Primary
66344,57101,Primary
89389,57103,Primary
89418,57109,Primary
92916,57120,Primary
91302,57126,Primary
66421,57130,Primary
89546,57135,Primary
85658,57141,Primary
85521,57174,Primary
89877,57176,Primary
89888,57180,Primary
89697,57183,Primary
92709,57189,Primary
90242,57197,Primary
90490,57200,Primary
89582,57209,Primary
86873,57223,Primary
86085,57229,Primary
89200,57248,Primary
85166,57260,Primary
90279,57261,Primary
90583,57262,Primary
89912,57266,Primary
87700,57289,Primary
89162,57297,Primary
91290,57305,Primary
92933,57313,Primary
66859,57317,Primary
92924,57357,Primary
84852,57380,Primary
89714,57382,Primary
67011,57386,Primary
87269,57387,Primary
93021,57391,Primary
90642,57392,Primary
90587,57398,Primary
86486,57406,Primary
90258,57413,Primary
90136,57424,Primary
89612,57425,Primary
90400,57428,Primary
87179,57442,Primary
85543,57469,Primary
86605,57481,Primary
88591,57499,Primary
89127,57507,Primary
90518,57509,Primary
90382,57514,Primary
89218,57516,Primary
85584,57528,Primary
67368,57531,Primary
88908,57533,Primary
88673,57535,Primary
86300,57571,Primary
85652,57574,Primary
91286,57582,Primary
86799,57593,Primary
85708,57594,Primary
88243,57599,Primary
90316,57600,Primary
91306,57605,Primary
84911,57610,Primary
88521,57612,Primary
67556,57617,Primary
84243,57620,Primary
87188,57621,Primary
92972,57633,Primary
67597,57634,Primary
87693,57665,Primary
67703,57682,Primary
85619,57695,Primary
89695,57701,Primary
91613,57703,Primary
85603,57712,Primary
87478,57715,Primary
89468,57718,Primary
85625,57723,Primary
89393,57738,Primary
89508,57752,Primary
89405,57772,Primary
90302,57785,Primary
89345,57795,Primary
89477,57802,Primary
88580,57808,Primary
87533,57815,Primary
87664,57823,Primary
87662,57824,Primary
93060,57825,Primary
89471,57867,Primary
93005,57869,Primary
85154,57877,Primary
85156,57878,Primary
68153,57879,Primary
84896,57881,Primary
84899,57882,Primary
89624,57888,Primary
90050,57908,Primary
84950,57925,Primary
90526,57926,Primary
87498,57950,Primary
86306,57955,Primary
89174,57956,Primary
85674,57957,Primary
68343,57960,Primary
88023,57973,Primary
87357,57977,Primary
89387,57994,Primary
92926,58001,Primary
85927,58009,Primary
85929,58010,Primary
87890,58013,Primary
85105,58015,Primary
88568,58030,Primary
87255,58033,Primary
87469,58041,Primary
90997,58047,Primary
89749,58062,Primary
91251,58072,Primary
92232,58086,Primary
86286,58102,Primary
88604,58111,Primary
87695,58116,Primary
68730,58136,Primary
89177,58137,Primary
89179,58138,Primary
68812,58174,Primary
88435,58182,Primary
89692,58197,Primary
88431,58200,Primary
90464,58202,Primary
87454,58204,Primary
85920,58211,Primary
89114,58218,Primary
87472,58228,Primary
68960,58238,Primary
91195,58240,Primary
86276,58242,Primary
90113,58245,Primary
87171,58257,Primary
90488,58270,Primary
69040,58275,Primary
85232,58278,Primary
90285,58281,Primary
90670,58287,Primary
86839,58288,Primary
90442,58306,Primary
90195,58311,Primary
85946,58328,Primary
89924,58333,Primary
87503,58337,Primary
90626,58375,Primary
69285,58381,Primary
88464,58388,Primary
88035,58401,Primary
90544,58402,Primary
88344,58408,Primary
69359,58413,Primary
90256,58415,Primary
86539,58418,Primary
87113,58423,Primary
85040,58443,Primary
86071,58471,Primary
91109,58476,Primary
89743,58483,Primary
87781,58494,Primary
89615,58525,Primary
87613,58538,Primary
87105,58550,Primary
90197,58551,Primary
89485,58563,Primary
90386,58566,Primary
69716,58567,Primary
90705,58581,Primary
83140,58582,Primary
89391,58612,Primary
86189,58620,Primary
90344,58632,Primary
84969,58638,Primary
87432,58646,Primary
69899,58647,Primary
88812,58651,Primary
85236,58652,Primary
90429,58673,Primary
86770,58682,Primary
87406,58719,Primary
84830,58722,Primary
70094,58727,Primary
86187,58728,Primary
90281,58741,Primary
88974,58762,Primary
86298,58786,Primary
87185,58802,Primary
90378,58806,Primary
90292,58808,Primary
86385,58815,Primary
86946,58818,Primary
70316,58819,Primary
90070,58830,Primary
86025,58844,Primary
89141,58849,Primary
85465,58853,Primary
90330,58855,Primary
90744,58856,Primary
86394,58859,Primary
92906,58860,Primary
70431,58862,Primary
90546,58867,Primary
91157,58871,Primary
86168,58875,Primary
70487,58887,Primary
90478,58891,Primary
89641,58894,Primary
90520,58902,Primary
89966,58903,Primary
85925,58904,Primary
89600,58909,Primary
86741,58930,Primary
86530,58938,Primary
91278,58941,Primary
87129,58944,Primary
89208,58946,Primary
70630,58947,Primary
86524,58960,Primary
70668,58963,Primary
90658,58966,Primary
89112,58973,Primary
90822,58976,Primary
90713,58986,Primary
90569,58991,Primary
92920,58997,Primary
70757,59005,Primary
84935,59008,Primary
91121,59012,Primary
90226,59014,Primary
85881,59023,Primary
70796,59024,Primary
87760,59043,Primary
86950,59049,Primary
87720,59050,Primary
89047,59057,Primary
91276,59060,Primary
90411,59061,Primary
88702,59079,Primary
89052,59087,Primary
86235,59106,Primary
87219,59115,Primary
88063,59131,Primary
89150,59150,Primary
91062,59151,Primary
90006,59152,Primary
71099,59159,Primary
91316,59161,Primary
82219,59162,Primary
80318,59166,Primary
80284,59168,Primary
81926,59169,Primary
83405,59171,Primary
91576,59175,Primary
85988,59179,Primary
92493,59181,Primary
88328,59183,Primary
85454,59187,Primary
91450,59188,Primary
91693,59190,Primary
91199,59194,Primary
87724,59196,Primary
92558,59201,Primary
89188,59203,Primary
86660,59213,Primary
86040,59221,Primary
91539,59239,Primary
90888,59243,Primary
88020,59245,Primary
86826,59246,Primary
89158,59252,Primary
86707,59253,Primary
81576,59254,Primary
86000,59255,Primary
86173,59257,Primary
91468,59261,Primary
88715,59262,Primary
91238,59266,Primary
80472,59268,Primary
82442,59270,Primary
90119,59276,Primary
84338,59281,Primary
88929,59285,Primary
80491,59291,Primary
80496,59294,Primary
87547,59297,Primary
90180,59304,Primary
91786,59306,Primary
91766,59316,Primary
86652,59323,Primary
86671,59325,Primary
81981,59327,Primary
88866,59336,Primary
91085,59344,Primary
88257,59347,Primary
91363,59348,Primary
87016,59354,Primary
85760,59355,Primary
88835,59356,Primary
83161,59357,Primary
87217,59364,Primary
80603,59368,Primary
88808,59383,Primary
87051,59386,Primary
86832,59389,Primary
86805,59390,Primary
91214,59394,Primary
87212,59399,Primary
88882,59406,Primary
89589,59419,Primary
80697,59424,Primary
88919,59432,Primary
89136,59436,Primary
80720,59436,Primary
81105,59439,Primary
90652,59441,Primary
91528,59442,Primary
91065,59443,Primary
88971,59445,Primary
87961,59454,Primary
85697,59459,Primary
88529,59460,Primary
90494,59463,Primary
87048,59464,Primary
91991,59466,Primary
80766,59473,Primary
91963,59480,Primary
87949,59525,Primary
89628,59529,Primary
80859,59529,Primary
91442,59531,Primary
87145,59532,Primary
90235,59537,Primary
80868,59537,Primary
90980,59539,Primary
80870,59539,Primary
91599,59549,Primary
83862,59554,Primary
81538,59558,Primary
92009,59565,Primary
91949,59570,Primary
92407,59571,Primary
81624,59578,Primary
80925,59578,Primary
84675,59579,Primary
82001,59585,Primary
86284,59590,Primary
83970,59592,Primary
92651,59596,Primary
87968,59607,Primary
86939,59619,Primary
80973,59620,Primary
88531,59621,Primary
91355,59626,Primary
89873,59628,Primary
92300,59629,Primary
87055,59633,Primary
90440,59639,Primary
87317,59658,Primary
87288,59665,Primary
88142,59666,Primary
92286,59668,Primary
81046,59671,Primary
90145,59674,Primary
81053,59674,Primary
90849,59675,Primary
86972,59677,Primary
81542,59678,Primary
81057,59678,Primary
91985,59679,Primary
82089,59685,Primary
88086,59690,Primary
88165,59693,Primary
89296,59699,Primary
88096,59702,Primary
88268,59705,Primary
82805,59710,Primary
85578,59712,Primary
92194,59713,Primary
92575,59715,Primary
88217,59716,Primary
88253,59717,Primary
87205,59719,Primary
86142,59722,Primary
81113,59722,Primary
91150,59730,Primary
88527,59732,Primary
90033,59733,Primary
90507,59738,Primary
81144,59740,Primary
90711,59747,Primary
91052,59753,Primary
87090,59763,Primary
88317,59765,Primary
88905,59766,Primary
81365,59770,Primary
85758,59773,Primary
82433,59774,Primary
90838,59775,Primary
91172,59778,Primary
92530,59779,Primary
88578,59780,Primary
83981,59782,Primary
84146,59785,Primary
81206,59796,Primary
85893,59798,Primary
92552,59801,Primary
87058,59806,Primary
92987,59813,Primary
92922,59815,Primary
91340,59818,Primary
91296,59819,Primary
91589,59820,Primary
81558,59822,Primary
91566,59825,Primary
81348,59828,Primary
85566,59838,Primary
83983,59840,Primary
89561,59846,Primary
90468,59847,Primary
91288,59864,Primary
91040,59873,Primary
91401,59876,Primary
91478,59878,Primary
87022,59881,Primary
89214,59888,Primary
90318,59890,Primary
86111,59891,Primary
81301,59891,Primary
85682,59898,Primary
86656,59899,Primary
90407,59900,Primary
91294,59901,Primary
81327,59908,Primary
86354,59909,Primary
89186,59911,Primary
88687,59912,Primary
91945,59913,Primary
86697,59916,Primary
91116,59917,Primary
89329,59919,Primary
82643,59924,Primary
92910,59926,Primary
85497,59927,Primary
88474,59940,Primary
91469,59944,Primary
89145,59946,Primary
88092,59950,Primary
82548,59951,Primary
88094,59952,Primary
82091,59954,Primary
92358,59956,Primary
88540,59958,Primary
91778,59962,Primary
85074,59971,Primary
89752,59972,Primary
82579,59981,Primary
89578,59988,Primary
83397,59989,Primary
85580,59993,Primary
81544,59994,Primary
90880,59997,Primary
86200,60001,Primary
92643,60015,Primary
90466,60017,Primary
89333,60027,Primary
89269,60031,Primary
88553,60033,Primary
88138,60034,Primary
90203,60046,Primary
92985,60047,Primary
85099,60067,Primary
84692,60071,Primary
81680,60073,Primary
84750,60077,Primary
84746,60078,Primary
91332,60083,Primary
90249,60089,Primary
84748,60090,Primary
88896,60091,Primary
89898,60096,Primary
90312,60112,Primary
88384,60119,Primary
91101,60128,Primary
87438,60130,Primary
85728,60131,Primary
86642,60133,Primary
86011,60134,Primary
92348,60139,Primary
89317,60141,Primary
89331,60142,Primary
90681,60143,Primary
92038,60147,Primary
92050,60150,Primary
89473,60158,Primary
86380,60165,Primary
86899,60166,Primary
85387,60173,Primary
85385,60175,Primary
89267,60176,Primary
91796,60179,Primary
87088,60183,Primary
82445,60184,Primary
91081,60188,Primary
90698,60191,Primary
83010,60195,Primary
85918,60201,Primary
92930,60202,Primary
86834,60206,Primary
86494,60207,Primary
88810,60213,Primary
90637,60215,Primary
92170,60225,Primary
82191,60226,Primary
90254,60227,Primary
88065,60231,Primary
88736,60235,Primary
88537,60238,Primary
85982,60240,Primary
90085,60241,Primary
82227,60244,Primary
87077,60245,Primary
88251,60250,Primary
89292,60260,Primary
92975,60264,Primary
88319,60266,Primary
92168,60268,Primary
90340,60270,Primary
82576,60270,Primary
83968,60280,Primary
85473,60285,Primary
88241,60286,Primary
88333,60291,Primary
89298,60295,Primary
82995,60295,Primary
86464,60297,Primary
91002,60298,Primary
90043,60299,Primary
92284,60300,Primary
88525,60302,Primary
89300,60305,Primary
84246,60308,Primary
92932,60309,Primary
87628,60310,Primary
87147,60311,Primary
89462,60312,Primary
91230,60316,Primary
90129,60318,Primary
84174,60320,Primary
86721,60329,Primary
86021,60336,Primary
88880,60338,Primary
89311,60339,Primary
86435,60344,Primary
90016,60345,Primary
84335,60346,Primary
90100,60347,Primary
85487,60352,Primary
90801,60354,Primary
86586,60356,Primary
89271,60357,Primary
87938,60358,Primary
91691,60361,Primary
84431,60366,Primary
84446,60368,Primary
84452,60369,Primary
88120,60370,Primary
84821,60372,Primary
85463,60378,Primary
93053,60379,Primary
86588,60380,Primary
87046,60381,Primary
86478,60383,Primary
87065,60388,Primary
86648,60391,Primary
91174,60392,Primary
84669,60398,Primary
88645,60401,Primary
86662,60402,Primary
89947,60404,Primary
84742,60405,Primary
84744,60406,Primary
84752,60407,Primary
84754,60408,Primary
88255,60409,Primary
91071,60410,Primary
85420,60414,Primary
84799,60415,Primary
84804,60416,Primary
89828,60417,Primary
84887,60418,Primary
86997,60419,Primary
85049,60420,Primary
90557,60421,Primary
85076,60423,Primary
85069,60424,Primary
86792,60426,Primary
88261,60427,Primary
92970,60429,Primary
87362,60431,Primary
87067,60433,Primary
85549,60434,Primary
87648,60435,Primary
88346,60436,Primary
85121,60437,Primary
85133,60442,Primary
87072,60444,Primary
90813,60447,Primary
86774,60450,Primary
87755,60451,Primary
90237,60452,Primary
90528,60453,Primary
90550,60454,Primary
91228,60455,Primary
87636,60458,Primary
90840,60460,Primary
86658,60461,Primary
87127,60465,Primary
90277,60466,Primary
89678,60467,Primary
86755,60468,Primary
86759,60470,Primary
87626,60471,Primary
85401,60472,Primary
85438,60473,Primary
89261,60474,Primary
89313,60477,Primary
86783,60478,Primary
89308,60479,Primary
86680,60481,Primary
86778,60482,Primary
85567,60483,Primary
86674,60487,Primary
89273,60488,Primary
86957,60495,Primary
89894,60496,Primary
85850,60497,Primary
88966,60500,Primary
90103,60501,Primary
86727,60502,Primary
86976,60503,Primary
89284,60505,Primary
85886,60507,Primary
85775,60510,Primary
89929,60512,Primary
85789,60514,Primary
88583,60515,Primary
88494,60520,Primary
90769,60521,Primary
88358,60522,Primary
85821,60523,Primary
89286,60524,Primary
87069,60526,Primary
92749,60529,Primary
90018,60530,Primary
91733,60531,Primary
88697,60532,Primary
92292,60533,Primary
88375,60534,Primary
87158,60535,Primary
90757,60538,Primary
92342,60541,Primary
92344,60543,Primary
85975,60546,Primary
90832,60548,Primary
86419,60550,Primary
86230,60554,Primary
86560,60561,Primary
86584,60565,Primary
86617,60566,Primary
90041,60569,Primary
87630,60579,Primary
87226,60580,Primary
92227,60581,Primary
87297,60582,Primary
91509,60583,Primary
89806,60594,Primary
87642,60595,Primary
92755,60596,Primary
92912,60597,Primary
87655,60598,Primary
87660,60599,Primary
92212,60601,Primary
87706,60603,Primary
87766,60605,Primary
92503,60607,Primary
87808,60612,Primary
87810,60613,Primary
87863,60617,Primary
91639,60624,Primary
88561,60626,Primary
89675,60627,Primary
92641,60629,Primary
87986,60631,Primary
88004,60632,Primary
88083,60633,Primary
88088,60634,Primary
88101,60635,Primary
92353,60636,Primary
88176,60638,Primary
88191,60641,Primary
88200,60644,Primary
88202,60645,Primary
91548,60648,Primary
88462,60651,Primary
90742,60652,Primary
88535,60653,Primary
88557,60654,Primary
88559,60655,Primary
91735,60656,Primary
88647,60658,Primary
88872,60666,Primary
92266,60677,Primary
88944,60680,Primary
89824,60683,Primary
91187,60687,Primary
89682,60689,Primary
89098,60692,Primary
89148,60693,Primary
89154,60694,Primary
91520,60701,Primary
93003,60702,Primary
89335,60704,Primary
89337,60705,Primary
89339,60706,Primary
89364,60710,Primary
89409,60711,Primary
89606,60712,Primary
89523,60713,Primary
89779,60714,Primary
89783,60716,Primary
89551,60717,Primary
90834,60723,Primary
89831,60724,Primary
89896,60725,Primary
89960,60734,Primary
89964,60736,Primary
90065,60748,Primary
90083,60750,Primary
90974,60752,Primary
90251,60753,Primary
90342,60755,Primary
90666,60756,Primary
90675,60757,Primary
90707,60758,Primary
90685,60759,Primary
90689,60761,Primary
90752,60762,Primary
90782,60770,Primary
90784,60771,Primary
90789,60773,Primary
92257,60775,Primary
90824,60776,Primary
90826,60777,Primary
90830,60779,Primary
91749,60780,Primary
90872,60783,Primary
90894,60784,Primary
90999,60796,Primary
91144,60800,Primary
91036,60801,Primary
91074,60802,Primary
91123,60806,Primary
91128,60807,Primary
91755,60813,Primary
91176,60814,Primary
91244,60820,Primary
91269,60823,Primary
91325,60825,Primary
91329,60826,Primary
91431,60832,Primary
91471,60833,Primary
91473,60834,Primary
91500,60837,Primary
91506,60839,Primary
91513,60840,Primary
91516,60843,Primary
91519,60844,Primary
91524,60845,Primary
91628,60850,Primary
92659,60851,Primary
91630,60852,Primary
91632,60853,Primary
91634,60854,Primary
91637,60855,Primary
91687,60856,Primary
91644,60858,Primary
91646,60859,Primary
91648,60860,Primary
91660,60866,Primary
92661,60867,Primary
91662,60868,Primary
91664,60869,Primary
91666,60870,Primary
91670,60871,Primary
91672,60872,Primary
91680,60876,Primary
91705,60878,Primary
91707,60879,Primary
91709,60880,Primary
91711,60881,Primary
91713,60882,Primary
91715,60883,Primary
91717,60884,Primary
91719,60885,Primary
91722,60886,Primary
91726,60887,Primary
91728,60888,Primary
91740,60894,Primary
91747,60896,Primary
91878,60913,Primary
91880,60914,Primary
91937,60916,Primary
92042,60931,Primary
92104,60950,Primary
92106,60951,Primary
92251,60960,Primary
92123,60961,Primary
92124,60962,Primary
92130,60966,Primary
92144,60972,Primary
92221,60983,Primary
92636,60996,Primary
92271,60998,Primary
92360,61001,Primary
92528,61010,Primary
92599,61020,Primary
92629,61024,Primary
92663,61029,Primary
92665,61030,Primary
92667,61031,Primary
92669,61032,Primary
92671,61033,Primary
92684,61039,Primary
92725,61056,Primary
92742,61064,Primary
92769,61072,Primary
92775,61074,Primary
92780,61076,Primary
92782,61077,Primary
92784,61078,Primary
92786,61079,Primary
92789,61080,Primary
92794,61081,Primary
92796,61082,Primary
92799,61083,Primary
92802,61084,Primary
92804,61085,Primary
92806,61086,Primary
92811,61087,Primary
92813,61088,Primary
92815,61089,Primary
92817,61090,Primary
92819,61091,Primary
92821,61092,Primary
92823,61093,Primary
92825,61094,Primary
92827,61095,Primary
92829,61096,Primary
92831,61097,Primary
92833,61098,Primary
92835,61099,Primary
92838,61100,Primary
92841,61101,Primary
92843,61102,Primary
92844,61103,Primary
92849,61104,Primary
92851,61105,Primary
92854,61106,Primary
92856,61107,Primary
92858,61108,Primary
92860,61109,Primary
92862,61110,Primary
92865,61111,Primary
92867,61112,Primary
92869,61113,Primary
92871,61114,Primary
92873,61115,Primary
92876,61116,Primary
92878,61117,Primary
92880,61118,Primary
92882,61119,Primary
92884,61120,Primary
92886,61121,Primary
92888,61122,Primary
92908,61133,Primary
92914,61139,Primary
92977,61156,Primary
92981,61157,Primary
92983,61158,Primary
92989,61161,Primary
93008,61171,Primary
93085,61205,Primary
93087,61206,Primary
88006,89,Secondary
105,105,Secondary
166,166,Secondary
86682,181,Secondary
91186,274,Secondary
87071,314,Secondary
87087,321,Secondary
335,335,Secondary
359,359,Secondary
370,370,Secondary
91014,550,Secondary
87989,621,Secondary
685,688,Secondary
723,728,Secondary
738,744,Secondary
872,881,Secondary
88327,888,Secondary
884,893,Secondary
92368,918,Secondary
974,985,Secondary
87963,988,Secondary
1051,1062,Secondary
1088,1100,Secondary
1093,1105,Secondary
1111,1123,Secondary
1114,1126,Secondary
1117,1129,Secondary
87858,1182,Secondary
1186,1198,Secondary
87000,1312,Secondary
88272,1524,Secondary
1630,1643,Secondary
82318,1684,Secondary
1699,1712,Secondary
1788,1801,Secondary
81560,1885,Secondary
86655,1894,Secondary
1883,1896,Secondary
1914,1927,Secondary
88115,2017,Secondary
88193,2265,Secondary
2348,2363,Secondary
86941,2388,Secondary
88100,2416,Secondary
86407,2483,Secondary
2578,2595,Secondary
2761,2779,Secondary
88273,3451,Secondary
3927,3947,Secondary
82345,4015,Secondary
86670,4166,Secondary
4227,4247,Secondary
87865,4321,Secondary
92560,4333,Secondary
4341,4361,Secondary
4354,4374,Secondary
4509,4529,Secondary
4532,4552,Secondary
4704,4724,Secondary
92511,4845,Secondary
82713,5032,Secondary
84422,5044,Secondary
81493,5095,Secondary
5168,5189,Secondary
5171,5192,Secondary
88274,5246,Secondary
86616,5345,Secondary
86956,5374,Secondary
91532,5381,Secondary
5358,5395,Secondary
88127,5406,Secondary
90917,5409,Secondary
5377,5418,Secondary
90817,5429,Secondary
88246,5476,Secondary
88894,5477,Secondary
5474,5509,Secondary
87275,50069,Secondary
89949,50091,Secondary
90612,50150,Secondary
86621,50206,Secondary
86622,50208,Secondary
87299,50223,Secondary
87429,50309,Secondary
84386,50342,Secondary
87319,50351,Secondary
50833,50360,Secondary
89729,50371,Secondary
87609,50415,Secondary
87741,50431,Secondary
87743,50435,Secondary
88389,50446,Secondary
87728,50504,Secondary
86534,50523,Secondary
89095,50547,Secondary
87461,50575,Secondary
84994,50609,Secondary
89635,50647,Secondary
86368,50651,Secondary
88480,50685,Secondary
88602,50723,Secondary
87510,50762,Secondary
88968,50772,Secondary
89688,50799,Secondary
87244,50825,Secondary
93075,50843,Secondary
89510,50862,Secondary
90496,50891,Secondary
86555,50961,Secondary
89797,50971,Secondary
89972,50991,Secondary
86135,51052,Secondary
88890,51127,Secondary
89049,51167,Secondary
92746,51252,Secondary
88876,51258,Secondary
86241,51304,Secondary
88732,51322,Secondary
83964,51344,Secondary
92683,51351,Secondary
87323,51362,Secondary
86529,51383,Secondary
53368,51442,Secondary
86885,51452,Secondary
85375,51518,Secondary
87775,51524,Secondary
88403,51535,Secondary
91246,51539,Secondary
85199,51540,Secondary
83582,51548,Secondary
85534,51565,Secondary
88708,51605,Secondary
88800,51638,Secondary
53938,51690,Secondary
89171,51698,Secondary
87496,51701,Secondary
91229,51704,Secondary
91491,51713,Secondary
88767,51724,Secondary
87672,51782,Secondary
86580,51804,Secondary
85470,51808,Secondary
86195,51823,Secondary
88614,51830,Secondary
86563,51847,Secondary
86574,51875,Secondary
86614,51894,Secondary
90311,51952,Secondary
87682,51959,Secondary
89499,51980,Secondary
89712,52056,Secondary
85064,52094,Secondary
85600,52108,Secondary
85899,52130,Secondary
85224,52134,Secondary
54977,52149,Secondary
89183,52160,Secondary
86408,52208,Secondary
86044,52211,Secondary
87225,52221,Secondary
89228,52344,Secondary
89075,52374,Secondary
88417,52382,Secondary
85028,52400,Secondary
88994,52408,Secondary
87690,52422,Secondary
87689,52425,Secondary
86854,52459,Secondary
86434,52564,Secondary
86537,52595,Secondary
86146,52665,Secondary
85539,52689,Secondary
85540,52691,Secondary
86058,52726,Secondary
86059,52730,Secondary
86521,52743,Secondary
87361,52751,Secondary
86901,52766,Secondary
86424,52784,Secondary
88792,52802,Secondary
87349,52813,Secondary
89709,52849,Secondary
86862,52875,Secondary
88336,52890,Secondary
88619,52911,Secondary
90080,52949,Secondary
87221,52970,Secondary
88539,52983,Secondary
91484,52994,Secondary
85484,53011,Secondary
85672,53016,Secondary
85153,53061,Secondary
93010,53063,Secondary
91034,53067,Secondary
91035,53071,Secondary
86751,53075,Secondary
85582,53083,Secondary
85583,53084,Secondary
90540,53087,Secondary
90060,53096,Secondary
90020,53107,Secondary
85707,53139,Secondary
86936,53161,Secondary
86493,53245,Secondary
86639,53289,Secondary
91505,53316,Secondary
85046,53328,Secondary
86916,53361,Secondary
88907,53364,Secondary
85912,53416,Secondary
85909,53417,Secondary
88491,53426,Secondary
87555,53437,Secondary
58020,53496,Secondary
88379,53582,Secondary
85684,53585,Secondary
90014,53630,Secondary
88620,53695,Secondary
85353,53750,Secondary
89699,53776,Secondary
86921,53806,Secondary
87490,53828,Secondary
92889,53832,Secondary
86550,53849,Secondary
86551,53852,Secondary
86552,53853,Secondary
84939,53916,Secondary
86065,53928,Secondary
85384,53978,Secondary
59189,53988,Secondary
85184,54033,Secondary
89571,54138,Secondary
91488,54141,Secondary
86498,54190,Secondary
86499,54194,Secondary
85424,54219,Secondary
86360,54240,Secondary
88804,54243,Secondary
88806,54247,Secondary
85699,54256,Secondary
88360,54282,Secondary
88399,54340,Secondary
88400,54341,Secondary
89359,54347,Secondary
86843,54401,Secondary
88339,54422,Secondary
89383,54444,Secondary
85955,54503,Secondary
60370,54505,Secondary
89182,54509,Secondary
87569,54560,Secondary
89401,54584,Secondary
90763,54626,Secondary
87560,54668,Secondary
88586,54678,Secondary
91547,54679,Secondary
92904,54681,Secondary
89670,54688,Secondary
60816,54697,Secondary
87532,54734,Secondary
89058,54748,Secondary
86246,54750,Secondary
86429,54766,Secondary
86415,54786,Secondary
85701,54796,Secondary
86184,54801,Secondary
90327,54867,Secondary
86463,55022,Secondary
90768,55048,Secondary
86267,55158,Secondary
86604,55190,Secondary
91056,55192,Secondary
84807,55260,Secondary
62162,55273,Secondary
86981,55298,Secondary
87018,55322,Secondary
90067,55334,Secondary
86630,55374,Secondary
88626,55425,Secondary
88603,55426,Secondary
89802,55485,Secondary
88823,55519,Secondary
88722,55643,Secondary
89464,55661,Secondary
87566,55696,Secondary
88461,55714,Secondary
88025,55845,Secondary
86559,55849,Secondary
86558,55850,Secondary
87231,55854,Secondary
84999,55890,Secondary
89771,55907,Secondary
88624,55935,Secondary
88625,55940,Secondary
88388,55971,Secondary
87604,56039,Secondary
85906,56061,Secondary
86466,56077,Secondary
86400,56102,Secondary
91485,56181,Secondary
88473,56295,Secondary
85696,56387,Secondary
90015,56398,Secondary
88470,56441,Secondary
86180,56443,Secondary
87292,56448,Secondary
86866,56459,Secondary
88356,56463,Secondary
88357,56465,Secondary
90013,56471,Secondary
87310,56479,Secondary
85865,56488,Secondary
88899,56500,Secondary
85443,56527,Secondary
87488,56566,Secondary
87489,56567,Secondary
88476,56571,Secondary
87593,56596,Secondary
65154,56599,Secondary
86573,56632,Secondary
87540,56636,Secondary
91502,56691,Secondary
92770,56817,Secondary
91496,56834,Secondary
91497,56835,Secondary
87526,56847,Secondary
87529,56849,Secondary
87528,56851,Secondary
86927,56865,Secondary
86926,56867,Secondary
86925,56868,Secondary
87373,56894,Secondary
89982,56981,Secondary
87749,56991,Secondary
86404,57007,Secondary
86418,57015,Secondary
86514,57022,Secondary
88946,57042,Secondary
87399,57088,Secondary
88632,57218,Secondary
86099,57226,Secondary
86089,57228,Secondary
93058,57247,Secondary
86867,57258,Secondary
84845,57381,Secondary
89194,57385,Secondary
86607,57480,Secondary
89129,57506,Secondary
89216,57515,Secondary
89663,57532,Secondary
85710,57596,Secondary
91324,57652,Secondary
85605,57713,Secondary
89395,57737,Secondary
87535,57814,Secondary
87666,57821,Secondary
92440,57868,Secondary
89623,57887,Secondary
90728,57934,Secondary
88570,58029,Secondary
88567,58032,Secondary
87257,58035,Secondary
87466,58040,Secondary
87140,58042,Secondary
87502,58076,Secondary
87697,58117,Secondary
89694,58196,Secondary
87471,58227,Secondary
87445,58255,Secondary
87446,58258,Secondary
87892,58327,Secondary
87507,58338,Secondary
87505,58339,Secondary
87506,58340,Secondary
89686,58382,Secondary
86541,58416,Secondary
86542,58419,Secondary
91111,58478,Secondary
89746,58485,Secondary
87108,58549,Secondary
85264,58688,Secondary
88891,58708,Secondary
86295,58787,Secondary
86387,58814,Secondary
70397,58848,Secondary
86170,58877,Secondary
88335,58883,Secondary
87582,58910,Secondary
87584,58912,Secondary
88932,58928,Secondary
84105,58943,Secondary
88768,58953,Secondary
86526,58959,Secondary
89795,58964,Secondary
90216,59142,Secondary
71100,59158,Secondary
86964,59180,Secondary
86748,59192,Secondary
87590,59193,Secondary
87202,59208,Secondary
80352,59209,Secondary
86992,59220,Secondary
88995,59229,Secondary
80393,59230,Secondary
80394,59231,Secondary
87060,59234,Secondary
90123,59237,Secondary
88267,59263,Secondary
91526,59267,Secondary
87241,59290,Secondary
87262,59292,Secondary
80501,59299,Secondary
90439,59307,Secondary
80529,59319,Secondary
80530,59320,Secondary
90217,59367,Secondary
88733,59384,Secondary
87082,59388,Secondary
80667,59408,Secondary
80678,59415,Secondary
80679,59416,Secondary
80680,59418,Secondary
80700,59426,Secondary
81107,59440,Secondary
80730,59447,Secondary
80746,59456,Secondary
80756,59467,Secondary
80767,59474,Secondary
80768,59475,Secondary
80830,59513,Secondary
80900,59527,Secondary
87146,59535,Secondary
82027,59542,Secondary
92791,59543,Secondary
80894,59555,Secondary
90679,59566,Secondary
80918,59573,Secondary
80919,59574,Secondary
87380,59576,Secondary
89414,59577,Secondary
80929,59580,Secondary
80930,59581,Secondary
87556,59599,Secondary
80958,59608,Secondary
87201,59609,Secondary
86989,59615,Secondary
80978,59624,Secondary
86890,59641,Secondary
81015,59647,Secondary
81018,59649,Secondary
81019,59650,Secondary
81020,59651,Secondary
81024,59655,Secondary
81025,59656,Secondary
81026,59657,Secondary
87064,59684,Secondary
86963,59700,Secondary
81087,59701,Secondary
88085,59707,Secondary
81108,59716,Secondary
87204,59718,Secondary
81117,59723,Secondary
81146,59741,Secondary
87083,59742,Secondary
87084,59743,Secondary
82346,59764,Secondary
88900,59767,Secondary
86740,59769,Secondary
85433,59803,Secondary
85717,59804,Secondary
82996,59810,Secondary
83935,59826,Secondary
81244,59830,Secondary
89647,59832,Secondary
81263,59841,Secondary
82994,59842,Secondary
89822,59850,Secondary
89823,59851,Secondary
87100,59871,Secondary
81343,59918,Secondary
81347,59920,Secondary
87562,59921,Secondary
81391,59931,Secondary
81392,59932,Secondary
87283,59934,Secondary
81399,59939,Secondary
85200,59943,Secondary
88744,59957,Secondary
81482,59991,Secondary
87193,59992,Secondary
81491,59996,Secondary
86203,60000,Secondary
86903,60005,Secondary
86902,60007,Secondary
81605,60022,Secondary
81606,60023,Secondary
81607,60024,Secondary
81613,60026,Secondary
81623,60031,Secondary
86244,60051,Secondary
81650,60052,Secondary
86242,60053,Secondary
81654,60054,Secondary
92355,60061,Secondary
81666,60062,Secondary
81667,60063,Secondary
81679,60072,Secondary
81682,60074,Secondary
81743,60085,Secondary
81744,60086,Secondary
81745,60087,Secondary
84983,60103,Secondary
86870,60104,Secondary
87057,60105,Secondary
87263,60106,Secondary
91508,60107,Secondary
81880,60110,Secondary
81881,60111,Secondary
89130,60113,Secondary
87006,60116,Secondary
86818,60129,Secondary
92350,60140,Secondary
92021,60146,Secondary
82043,60157,Secondary
82047,60159,Secondary
82048,60160,Secondary
82055,60167,Secondary
82056,60168,Secondary
89265,60185,Secondary
86813,60186,Secondary
86814,60187,Secondary
91082,60188,Secondary
86823,60196,Secondary
86019,60205,Secondary
88248,60209,Secondary
88249,60210,Secondary
88250,60211,Secondary
90636,60216,Secondary
84478,60224,Secondary
88067,60232,Secondary
82201,60234,Secondary
82221,60242,Secondary
82430,60246,Secondary
86645,60249,Secondary
82325,60257,Secondary
82326,60258,Secondary
82331,60261,Secondary
82332,60262,Secondary
86076,60263,Secondary
87024,60272,Secondary
82880,60278,Secondary
82931,60284,Secondary
92369,60303,Secondary
84677,60304,Secondary
84387,60322,Secondary
87045,60334,Secondary
89310,60340,Secondary
84424,60365,Secondary
87719,60373,Secondary
88509,60374,Secondary
86754,60377,Secondary
86468,60384,Secondary
86469,60385,Secondary
86470,60386,Secondary
85078,60422,Secondary
86147,60456,Secondary
86471,60464,Secondary
87050,60490,Secondary
86978,60504,Secondary
86650,60527,Secondary
92549,60570,Secondary
86943,60574,Secondary
87190,60578,Secondary
87451,60586,Secondary
88984,60593,Secondary
89105,60602,Secondary
87729,60604,Secondary
91499,60621,Secondary
92482,60637,Secondary
88182,60639,Secondary
88194,60642,Secondary
88286,60647,Secondary
88394,60649,Secondary
88721,60659,Secondary
91686,60662,Secondary
88858,60665,Secondary
91550,60668,Secondary
90001,60669,Secondary
90790,60678,Secondary
91095,60679,Secondary
90021,60690,Secondary
89166,60695,Secondary
89212,60696,Secondary
89217,60697,Secondary
89220,60698,Secondary
89221,60699,Secondary
89222,60700,Secondary
89677,60719,Secondary
89953,60730,Secondary
89985,60737,Secondary
89977,60740,Secondary
89988,60745,Secondary
90010,60746,Secondary
90253,60754,Secondary
91643,60763,Secondary
90776,60766,Secondary
90779,60768,Secondary
91070,60790,Secondary
90958,60792,Secondary
90959,60793,Secondary
91091,60803,Secondary
91098,60804,Secondary
91162,60812,Secondary
91266,60822,Secondary
91337,60828,Secondary
91386,60831,Secondary
91551,60848,Secondary
92214,60889,Secondary
91824,60907,Secondary
91873,60911,Secondary
92114,60955,Secondary
92126,60963,Secondary
92127,60964,Secondary
92238,60982,Secondary
92640,60997,Secondary
92434,61004,Secondary
92631,61025,Secondary
92757,61026,Secondary
92741,61063,Secondary
92891,61123,Secondary
92894,61126,Secondary
92896,61127,Secondary
92937,61150,Secondary
92964,61159,Secondary
92965,61160,Secondary
92967,61162,Secondary
92968,61163,Secondary
92974,61166,Secondary
92997,61168,Secondary
92998,61169,Secondary
93007,61170,Secondary
93012,61173,Secondary
93013,61174,Secondary
93014,61175,Secondary
93017,61176,Secondary
93020,61177,Secondary
93023,61178,Secondary
93028,61180,Secondary
93031,61181,Secondary
93032,61182,Secondary
93033,61183,Secondary
93037,61185,Secondary
93038,61186,Secondary
93052,61188,Secondary
93056,61189,Secondary
93057,61190,Secondary
93059,61191,Secondary
93070,61192,Secondary
93072,61194,Secondary
93073,61195,Secondary
93074,61196,Secondary
93076,61197,Secondary
93077,61198,Secondary
93078,61199,Secondary
93079,61200,Secondary
93080,61201,Secondary
93081,61202,Secondary
93082,61203,Secondary
93089,61207,Secondary
93090,61208,Secondary
93091,61210,Secondary
93092,61211,Secondary
93095,61216,Secondary
93098,61219,Secondary
93099,61220,Secondary
93103,61224,Secondary
93104,61225,Secondary
93106,61228,Secondary
93108,61230,Secondary
93109,61231,Secondary
93110,61232,Secondary
93111,61235,Secondary
93112,61236,Secondary
93113,61237,Secondary
93114,61238,Secondary
93116,61239,Secondary
93117,61240,Secondary
93118,61241,Secondary